Unique Name;Unique ID;Visible Name;Variation Type;Parent Unique ID;Parent Unique Name;Parent Visible Name;Parent Type;Class;Type;
root;0;Configuration;ps:mandatory;;;;;ps:feature;ps:feature;
configurationName1;1;configurationName;ps:mandatory;0;;;;ps:feature;ps:feature;
version2;2;version;ps:mandatory;0;;;;ps:feature;ps:feature;
mainMergeFile3;3;mainMergeFile;ps:optional;0;;;;ps:feature;ps:feature;
imports4;4;imports;ps:optional;0;;;;ps:feature;ps:feature;
Imports5;5;Imports;ps:mandatory;4;;;;ps:feature;ps:feature;
importedNamespace6;6;importedNamespace;ps:mandatory;5;;;;ps:feature;ps:feature;
QualifiedNameWithWildCard7;7;QualifiedNameWithWildCard;ps:mandatory;6;;;;ps:feature;ps:feature;
QualifiedName8;8;QualifiedName;ps:mandatory;7;;;;ps:feature;ps:feature;
variants9;9;variants;ps:optional;0;;;;ps:feature;ps:feature;
Variants10;10;Variants;ps:mandatory;9;;;;ps:feature;ps:feature;
variants11;11;variants;ps:mandatory;10;;;;ps:feature;ps:feature;
Variant12;12;Variant;ps:mandatory;11;;;;ps:feature;ps:feature;
defaultVariant13;13;defaultVariant;ps:optional;12;;;;ps:feature;ps:feature;
name14;14;name;ps:mandatory;12;;;;ps:feature;ps:feature;
system15;15;system;ps:optional;0;;;;ps:feature;ps:feature;
System16;16;System;ps:mandatory;15;;;;ps:feature;ps:feature;
name17;17;name;ps:mandatory;16;;;;ps:feature;ps:feature;
configSubsystem18;18;configSubsystem;ps:mandatory;16;;;;ps:feature;ps:feature;
ConfigSubsystem19;19;ConfigSubsystem;ps:mandatory;18;;;;ps:feature;ps:feature;
configSubsystemInput20;20;configSubsystemInput;ps:mandatory;19;;;;ps:feature;ps:feature;
ConfigSubsystemInput21;21;ConfigSubsystemInput;ps:mandatory;20;;;;ps:feature;ps:feature;
maximalNumberInputSubsystems22;22;maximalNumberInputSubsystems;ps:mandatory;21;;;;ps:feature;ps:feature;
UINT23;23;UINT;ps:alternative;22;;;;ps:feature;ps:feature;
inputSubsystems24;24;inputSubsystems;ps:mandatory;21;;;;ps:feature;ps:feature;
InputSubsystems25;25;InputSubsystems;ps:mandatory;24;;;;ps:feature;ps:feature;
inputNull26;26;inputNull;ps:optional;25;;;;ps:feature;ps:feature;
InputConfigSubsystemNull27;27;InputConfigSubsystemNull;ps:alternative;26;;;;ps:feature;ps:feature;
name28;28;name;ps:mandatory;27;;;;ps:feature;ps:feature;
sortingIndex29;29;sortingIndex;ps:mandatory;27;;;;ps:feature;ps:feature;
UINT30;30;UINT;ps:alternative;29;;;;ps:feature;ps:feature;
inputAnalog31;31;inputAnalog;ps:optional;25;;;;ps:feature;ps:feature;
InputConfigSubsystemAnalog32;32;InputConfigSubsystemAnalog;ps:alternative;31;;;;ps:feature;ps:feature;
name33;33;name;ps:mandatory;32;;;;ps:feature;ps:feature;
sortingIndex34;34;sortingIndex;ps:mandatory;32;;;;ps:feature;ps:feature;
UINT35;35;UINT;ps:alternative;34;;;;ps:feature;ps:feature;
inputTemperature36;36;inputTemperature;ps:optional;25;;;;ps:feature;ps:feature;
InputConfigSubsystemTemperature37;37;InputConfigSubsystemTemperature;ps:alternative;36;;;;ps:feature;ps:feature;
name38;38;name;ps:mandatory;37;;;;ps:feature;ps:feature;
sortingIndex39;39;sortingIndex;ps:mandatory;37;;;;ps:feature;ps:feature;
UINT40;40;UINT;ps:alternative;39;;;;ps:feature;ps:feature;
inputDigital41;41;inputDigital;ps:optional;25;;;;ps:feature;ps:feature;
InputConfigSubsystemDigital42;42;InputConfigSubsystemDigital;ps:alternative;41;;;;ps:feature;ps:feature;
name43;43;name;ps:mandatory;42;;;;ps:feature;ps:feature;
sortingIndex44;44;sortingIndex;ps:mandatory;42;;;;ps:feature;ps:feature;
UINT45;45;UINT;ps:alternative;44;;;;ps:feature;ps:feature;
inputFrq46;46;inputFrq;ps:optional;25;;;;ps:feature;ps:feature;
InputConfigSubsystemFrq47;47;InputConfigSubsystemFrq;ps:alternative;46;;;;ps:feature;ps:feature;
name48;48;name;ps:mandatory;47;;;;ps:feature;ps:feature;
sortingIndex49;49;sortingIndex;ps:mandatory;47;;;;ps:feature;ps:feature;
UINT50;50;UINT;ps:alternative;49;;;;ps:feature;ps:feature;
inputSPI51;51;inputSPI;ps:optional;25;;;;ps:feature;ps:feature;
InputConfigSubsystemSPI52;52;InputConfigSubsystemSPI;ps:alternative;51;;;;ps:feature;ps:feature;
name53;53;name;ps:mandatory;52;;;;ps:feature;ps:feature;
sortingIndex54;54;sortingIndex;ps:mandatory;52;;;;ps:feature;ps:feature;
UINT55;55;UINT;ps:alternative;54;;;;ps:feature;ps:feature;
inputConfigSubsystem56;56;inputConfigSubsystem;ps:optional;25;;;;ps:feature;ps:feature;
InputConfigSubsystemItem57;57;InputConfigSubsystemItem;ps:alternative;56;;;;ps:feature;ps:feature;
name58;58;name;ps:mandatory;57;;;;ps:feature;ps:feature;
sortingIndex59;59;sortingIndex;ps:mandatory;57;;;;ps:feature;ps:feature;
UINT60;60;UINT;ps:alternative;59;;;;ps:feature;ps:feature;
configSubsystemOutput61;61;configSubsystemOutput;ps:mandatory;19;;;;ps:feature;ps:feature;
ConfigSubsystemOutput62;62;ConfigSubsystemOutput;ps:mandatory;61;;;;ps:feature;ps:feature;
maximalNumberOutputSubsystems63;63;maximalNumberOutputSubsystems;ps:mandatory;62;;;;ps:feature;ps:feature;
UINT64;64;UINT;ps:alternative;63;;;;ps:feature;ps:feature;
outputSubsystems65;65;outputSubsystems;ps:mandatory;62;;;;ps:feature;ps:feature;
OutputSubsystems66;66;OutputSubsystems;ps:mandatory;65;;;;ps:feature;ps:feature;
outputNull67;67;outputNull;ps:optional;66;;;;ps:feature;ps:feature;
OutputConfigSubsystemNull68;68;OutputConfigSubsystemNull;ps:alternative;67;;;;ps:feature;ps:feature;
name69;69;name;ps:mandatory;68;;;;ps:feature;ps:feature;
sortingIndex70;70;sortingIndex;ps:mandatory;68;;;;ps:feature;ps:feature;
UINT71;71;UINT;ps:alternative;70;;;;ps:feature;ps:feature;
outputDigital72;72;outputDigital;ps:optional;66;;;;ps:feature;ps:feature;
OutputConfigSubsystemDigital73;73;OutputConfigSubsystemDigital;ps:alternative;72;;;;ps:feature;ps:feature;
name74;74;name;ps:mandatory;73;;;;ps:feature;ps:feature;
sortingIndex75;75;sortingIndex;ps:mandatory;73;;;;ps:feature;ps:feature;
UINT76;76;UINT;ps:alternative;75;;;;ps:feature;ps:feature;
outputPWM77;77;outputPWM;ps:optional;66;;;;ps:feature;ps:feature;
OutputConfigSubsystemPWM78;78;OutputConfigSubsystemPWM;ps:alternative;77;;;;ps:feature;ps:feature;
name79;79;name;ps:mandatory;78;;;;ps:feature;ps:feature;
sortingIndex80;80;sortingIndex;ps:mandatory;78;;;;ps:feature;ps:feature;
UINT81;81;UINT;ps:alternative;80;;;;ps:feature;ps:feature;
outputElDiag82;82;outputElDiag;ps:optional;66;;;;ps:feature;ps:feature;
OutputConfigSubsystemElDiag83;83;OutputConfigSubsystemElDiag;ps:alternative;82;;;;ps:feature;ps:feature;
name84;84;name;ps:mandatory;83;;;;ps:feature;ps:feature;
sortingIndex85;85;sortingIndex;ps:mandatory;83;;;;ps:feature;ps:feature;
UINT86;86;UINT;ps:alternative;85;;;;ps:feature;ps:feature;
tempSensor87;87;tempSensor;ps:mandatory;83;;;;ps:feature;ps:feature;
outputConfigSubsystem88;88;outputConfigSubsystem;ps:optional;66;;;;ps:feature;ps:feature;
OutputConfigSubsystemItem89;89;OutputConfigSubsystemItem;ps:alternative;88;;;;ps:feature;ps:feature;
name90;90;name;ps:mandatory;89;;;;ps:feature;ps:feature;
sortingIndex91;91;sortingIndex;ps:mandatory;89;;;;ps:feature;ps:feature;
UINT92;92;UINT;ps:alternative;91;;;;ps:feature;ps:feature;
hardware93;93;hardware;ps:optional;0;;;;ps:feature;ps:feature;
Hardware94;94;Hardware;ps:mandatory;93;;;;ps:feature;ps:feature;
name95;95;name;ps:mandatory;94;;;;ps:feature;ps:feature;
driverToECU96;96;driverToECU;ps:optional;94;;;;ps:feature;ps:feature;
DriverToECU97;97;DriverToECU;ps:mandatory;96;;;;ps:feature;ps:feature;
inputAnalogDrivers98;98;inputAnalogDrivers;ps:optional;97;;;;ps:feature;ps:feature;
InputAnalogDrivers99;99;InputAnalogDrivers;ps:mandatory;98;;;;ps:feature;ps:feature;
driver100;100;driver;ps:mandatory;99;;;;ps:feature;ps:feature;
AnalogDriver101;101;AnalogDriver;ps:mandatory;100;;;;ps:feature;ps:feature;
name102;102;name;ps:mandatory;101;;;;ps:feature;ps:feature;
driverSetup103;103;driverSetup;ps:mandatory;101;;;;ps:feature;ps:feature;
IADC104;104;IADC;ps:mandatory;103;;;;ps:feature;ps:feature;
driverIndex105;105;driverIndex;ps:mandatory;104;;;;ps:feature;ps:feature;
INTORHEX106;106;INTORHEX;ps:alternative;105;;;;ps:feature;ps:feature;
SINT107;107;SINT;ps:alternative;106;;;;ps:feature;ps:feature;
UINT108;108;UINT;ps:alternative;107;;;;ps:feature;ps:feature;
INT109;109;INT;ps:alternative;107;;;;ps:feature;ps:feature;
HEX110;110;HEX;ps:alternative;106;;;;ps:feature;ps:feature;
enable111;111;enable;ps:optional;104;;;;ps:feature;ps:feature;
iadcEnableEnumeration112;112;iadcEnableEnumeration;ps:alternative;111;;;;ps:feature;ps:feature;
ADC_CHANNEL_DISABLED113;113;ADC_CHANNEL_DISABLED;ps:alternative;112;;;;ps:feature;ps:feature;
ADC_CHANNEL_ENABLED114;114;ADC_CHANNEL_ENABLED;ps:alternative;112;;;;ps:feature;ps:feature;
powerSupplySignal115;115;powerSupplySignal;ps:optional;104;;;;ps:feature;ps:feature;
enableElDiagPowerSupplyOff116;116;enableElDiagPowerSupplyOff;ps:optional;104;;;;ps:feature;ps:feature;
elDiagInstanceIdx117;117;elDiagInstanceIdx;ps:optional;104;;;;ps:feature;ps:feature;
INTORHEX118;118;INTORHEX;ps:alternative;117;;;;ps:feature;ps:feature;
SINT119;119;SINT;ps:alternative;118;;;;ps:feature;ps:feature;
UINT120;120;UINT;ps:alternative;119;;;;ps:feature;ps:feature;
INT121;121;INT;ps:alternative;119;;;;ps:feature;ps:feature;
HEX122;122;HEX;ps:alternative;118;;;;ps:feature;ps:feature;
controllerPinName123;123;controllerPinName;ps:optional;104;;;;ps:feature;ps:feature;
description124;124;description;ps:optional;104;;;;ps:feature;ps:feature;
inputDigitalDrivers125;125;inputDigitalDrivers;ps:optional;97;;;;ps:feature;ps:feature;
InputDigitalDrivers126;126;InputDigitalDrivers;ps:mandatory;125;;;;ps:feature;ps:feature;
driver127;127;driver;ps:mandatory;126;;;;ps:feature;ps:feature;
InDigDriver128;128;InDigDriver;ps:mandatory;127;;;;ps:feature;ps:feature;
name129;129;name;ps:mandatory;128;;;;ps:feature;ps:feature;
driverSetup130;130;driverSetup;ps:mandatory;128;;;;ps:feature;ps:feature;
CommonDriver131;131;CommonDriver;ps:mandatory;130;;;;ps:feature;ps:feature;
driverIndex132;132;driverIndex;ps:mandatory;131;;;;ps:feature;ps:feature;
INTORHEX133;133;INTORHEX;ps:alternative;132;;;;ps:feature;ps:feature;
SINT134;134;SINT;ps:alternative;133;;;;ps:feature;ps:feature;
UINT135;135;UINT;ps:alternative;134;;;;ps:feature;ps:feature;
INT136;136;INT;ps:alternative;134;;;;ps:feature;ps:feature;
HEX137;137;HEX;ps:alternative;133;;;;ps:feature;ps:feature;
controllerPinName138;138;controllerPinName;ps:optional;131;;;;ps:feature;ps:feature;
description139;139;description;ps:optional;131;;;;ps:feature;ps:feature;
inputDigDriversTable140;140;inputDigDriversTable;ps:optional;97;;;;ps:feature;ps:feature;
InputDigDriversTable141;141;InputDigDriversTable;ps:mandatory;140;;;;ps:feature;ps:feature;
digitalDriverTableRef142;142;digitalDriverTableRef;ps:mandatory;141;;;;ps:feature;ps:feature;
InDigitalDriverTableRef143;143;InDigitalDriverTableRef;ps:mandatory;142;;;;ps:feature;ps:feature;
dummySignal144;144;dummySignal;ps:alternative;143;;;;ps:feature;ps:feature;
name145;145;name;ps:alternative;143;;;;ps:feature;ps:feature;
outputDigitalDrivers146;146;outputDigitalDrivers;ps:optional;97;;;;ps:feature;ps:feature;
OutputDigitalDrivers147;147;OutputDigitalDrivers;ps:mandatory;146;;;;ps:feature;ps:feature;
driver148;148;driver;ps:mandatory;147;;;;ps:feature;ps:feature;
OutDigDriver149;149;OutDigDriver;ps:mandatory;148;;;;ps:feature;ps:feature;
name150;150;name;ps:mandatory;149;;;;ps:feature;ps:feature;
driverSetup151;151;driverSetup;ps:mandatory;149;;;;ps:feature;ps:feature;
CommonDriver152;152;CommonDriver;ps:mandatory;151;;;;ps:feature;ps:feature;
driverIndex153;153;driverIndex;ps:mandatory;152;;;;ps:feature;ps:feature;
INTORHEX154;154;INTORHEX;ps:alternative;153;;;;ps:feature;ps:feature;
SINT155;155;SINT;ps:alternative;154;;;;ps:feature;ps:feature;
UINT156;156;UINT;ps:alternative;155;;;;ps:feature;ps:feature;
INT157;157;INT;ps:alternative;155;;;;ps:feature;ps:feature;
HEX158;158;HEX;ps:alternative;154;;;;ps:feature;ps:feature;
controllerPinName159;159;controllerPinName;ps:optional;152;;;;ps:feature;ps:feature;
description160;160;description;ps:optional;152;;;;ps:feature;ps:feature;
outputDigDriversTable161;161;outputDigDriversTable;ps:optional;97;;;;ps:feature;ps:feature;
OutputDigDriversTable162;162;OutputDigDriversTable;ps:mandatory;161;;;;ps:feature;ps:feature;
digitalDriverTableRef163;163;digitalDriverTableRef;ps:mandatory;162;;;;ps:feature;ps:feature;
OutDigitalDriverTableRef164;164;OutDigitalDriverTableRef;ps:mandatory;163;;;;ps:feature;ps:feature;
dummySignal165;165;dummySignal;ps:alternative;164;;;;ps:feature;ps:feature;
name166;166;name;ps:alternative;164;;;;ps:feature;ps:feature;
tempSensorSubsystem167;167;tempSensorSubsystem;ps:optional;94;;;;ps:feature;ps:feature;
TempSensorSubsystem168;168;TempSensorSubsystem;ps:mandatory;167;;;;ps:feature;ps:feature;
driver169;169;driver;ps:mandatory;168;;;;ps:feature;ps:feature;
AnalogDriver170;170;AnalogDriver;ps:mandatory;169;;;;ps:feature;ps:feature;
name171;171;name;ps:mandatory;170;;;;ps:feature;ps:feature;
driverSetup172;172;driverSetup;ps:mandatory;170;;;;ps:feature;ps:feature;
IADC173;173;IADC;ps:mandatory;172;;;;ps:feature;ps:feature;
driverIndex174;174;driverIndex;ps:mandatory;173;;;;ps:feature;ps:feature;
INTORHEX175;175;INTORHEX;ps:alternative;174;;;;ps:feature;ps:feature;
SINT176;176;SINT;ps:alternative;175;;;;ps:feature;ps:feature;
UINT177;177;UINT;ps:alternative;176;;;;ps:feature;ps:feature;
INT178;178;INT;ps:alternative;176;;;;ps:feature;ps:feature;
HEX179;179;HEX;ps:alternative;175;;;;ps:feature;ps:feature;
enable180;180;enable;ps:optional;173;;;;ps:feature;ps:feature;
iadcEnableEnumeration181;181;iadcEnableEnumeration;ps:alternative;180;;;;ps:feature;ps:feature;
ADC_CHANNEL_DISABLED182;182;ADC_CHANNEL_DISABLED;ps:alternative;181;;;;ps:feature;ps:feature;
ADC_CHANNEL_ENABLED183;183;ADC_CHANNEL_ENABLED;ps:alternative;181;;;;ps:feature;ps:feature;
powerSupplySignal184;184;powerSupplySignal;ps:optional;173;;;;ps:feature;ps:feature;
enableElDiagPowerSupplyOff185;185;enableElDiagPowerSupplyOff;ps:optional;173;;;;ps:feature;ps:feature;
elDiagInstanceIdx186;186;elDiagInstanceIdx;ps:optional;173;;;;ps:feature;ps:feature;
INTORHEX187;187;INTORHEX;ps:alternative;186;;;;ps:feature;ps:feature;
SINT188;188;SINT;ps:alternative;187;;;;ps:feature;ps:feature;
UINT189;189;UINT;ps:alternative;188;;;;ps:feature;ps:feature;
INT190;190;INT;ps:alternative;188;;;;ps:feature;ps:feature;
HEX191;191;HEX;ps:alternative;187;;;;ps:feature;ps:feature;
controllerPinName192;192;controllerPinName;ps:optional;173;;;;ps:feature;ps:feature;
description193;193;description;ps:optional;173;;;;ps:feature;ps:feature;
electricDiagSubsystem194;194;electricDiagSubsystem;ps:optional;94;;;;ps:feature;ps:feature;
ElectricDiagSubsystem195;195;ElectricDiagSubsystem;ps:mandatory;194;;;;ps:feature;ps:feature;
elDiag196;196;elDiag;ps:mandatory;195;;;;ps:feature;ps:feature;
ElDiag197;197;ElDiag;ps:mandatory;196;;;;ps:feature;ps:feature;
name198;198;name;ps:mandatory;197;;;;ps:feature;ps:feature;
enable199;199;enable;ps:optional;197;;;;ps:feature;ps:feature;
BOOLfalseDefault200;200;BOOLfalseDefault;ps:alternative;199;;;;ps:feature;ps:feature;
False201;201;False;ps:alternative;200;;;;ps:feature;ps:feature;
True202;202;True;ps:alternative;200;;;;ps:feature;ps:feature;
diagnosisEnable203;203;diagnosisEnable;ps:optional;197;;;;ps:feature;ps:feature;
BOOLfalseDefault204;204;BOOLfalseDefault;ps:alternative;203;;;;ps:feature;ps:feature;
False205;205;False;ps:alternative;204;;;;ps:feature;ps:feature;
True206;206;True;ps:alternative;204;;;;ps:feature;ps:feature;
driverIndex207;207;driverIndex;ps:mandatory;197;;;;ps:feature;ps:feature;
INTORHEX208;208;INTORHEX;ps:alternative;207;;;;ps:feature;ps:feature;
SINT209;209;SINT;ps:alternative;208;;;;ps:feature;ps:feature;
UINT210;210;UINT;ps:alternative;209;;;;ps:feature;ps:feature;
INT211;211;INT;ps:alternative;209;;;;ps:feature;ps:feature;
HEX212;212;HEX;ps:alternative;208;;;;ps:feature;ps:feature;
pwmDiagnosis213;213;pwmDiagnosis;ps:mandatory;197;;;;ps:feature;ps:feature;
INTORHEX214;214;INTORHEX;ps:alternative;213;;;;ps:feature;ps:feature;
SINT215;215;SINT;ps:alternative;214;;;;ps:feature;ps:feature;
UINT216;216;UINT;ps:alternative;215;;;;ps:feature;ps:feature;
INT217;217;INT;ps:alternative;215;;;;ps:feature;ps:feature;
HEX218;218;HEX;ps:alternative;214;;;;ps:feature;ps:feature;
powerSupplySignal219;219;powerSupplySignal;ps:mandatory;197;;;;ps:feature;ps:feature;
description220;220;description;ps:optional;197;;;;ps:feature;ps:feature;
frequencySubsystem221;221;frequencySubsystem;ps:optional;94;;;;ps:feature;ps:feature;
FrequencySubsystem222;222;FrequencySubsystem;ps:mandatory;221;;;;ps:feature;ps:feature;
ifrqSensor223;223;ifrqSensor;ps:optional;222;;;;ps:feature;ps:feature;
IFRQSensor224;224;IFRQSensor;ps:mandatory;223;;;;ps:feature;ps:feature;
name225;225;name;ps:mandatory;224;;;;ps:feature;ps:feature;
initialWaitingTime226;226;initialWaitingTime;ps:mandatory;224;;;;ps:feature;ps:feature;
INTORHEX227;227;INTORHEX;ps:alternative;226;;;;ps:feature;ps:feature;
SINT228;228;SINT;ps:alternative;227;;;;ps:feature;ps:feature;
UINT229;229;UINT;ps:alternative;228;;;;ps:feature;ps:feature;
INT230;230;INT;ps:alternative;228;;;;ps:feature;ps:feature;
HEX231;231;HEX;ps:alternative;227;;;;ps:feature;ps:feature;
dirChangeMinPeriods232;232;dirChangeMinPeriods;ps:mandatory;224;;;;ps:feature;ps:feature;
INTORHEX233;233;INTORHEX;ps:alternative;232;;;;ps:feature;ps:feature;
SINT234;234;SINT;ps:alternative;233;;;;ps:feature;ps:feature;
UINT235;235;UINT;ps:alternative;234;;;;ps:feature;ps:feature;
INT236;236;INT;ps:alternative;234;;;;ps:feature;ps:feature;
HEX237;237;HEX;ps:alternative;233;;;;ps:feature;ps:feature;
directionChangeDebounceTime238;238;directionChangeDebounceTime;ps:mandatory;224;;;;ps:feature;ps:feature;
INTORHEX239;239;INTORHEX;ps:alternative;238;;;;ps:feature;ps:feature;
SINT240;240;SINT;ps:alternative;239;;;;ps:feature;ps:feature;
UINT241;241;UINT;ps:alternative;240;;;;ps:feature;ps:feature;
INT242;242;INT;ps:alternative;240;;;;ps:feature;ps:feature;
HEX243;243;HEX;ps:alternative;239;;;;ps:feature;ps:feature;
ifrq244;244;ifrq;ps:optional;222;;;;ps:feature;ps:feature;
IFRQ245;245;IFRQ;ps:mandatory;244;;;;ps:feature;ps:feature;
name246;246;name;ps:mandatory;245;;;;ps:feature;ps:feature;
driverIndex247;247;driverIndex;ps:mandatory;245;;;;ps:feature;ps:feature;
INTORHEX248;248;INTORHEX;ps:alternative;247;;;;ps:feature;ps:feature;
SINT249;249;SINT;ps:alternative;248;;;;ps:feature;ps:feature;
UINT250;250;UINT;ps:alternative;249;;;;ps:feature;ps:feature;
INT251;251;INT;ps:alternative;249;;;;ps:feature;ps:feature;
HEX252;252;HEX;ps:alternative;248;;;;ps:feature;ps:feature;
sensorIndex253;253;sensorIndex;ps:mandatory;245;;;;ps:feature;ps:feature;
updateTime254;254;updateTime;ps:mandatory;245;;;;ps:feature;ps:feature;
INTORHEX255;255;INTORHEX;ps:alternative;254;;;;ps:feature;ps:feature;
SINT256;256;SINT;ps:alternative;255;;;;ps:feature;ps:feature;
UINT257;257;UINT;ps:alternative;256;;;;ps:feature;ps:feature;
INT258;258;INT;ps:alternative;256;;;;ps:feature;ps:feature;
HEX259;259;HEX;ps:alternative;255;;;;ps:feature;ps:feature;
active260;260;active;ps:mandatory;245;;;;ps:feature;ps:feature;
INTORHEX261;261;INTORHEX;ps:alternative;260;;;;ps:feature;ps:feature;
SINT262;262;SINT;ps:alternative;261;;;;ps:feature;ps:feature;
UINT263;263;UINT;ps:alternative;262;;;;ps:feature;ps:feature;
INT264;264;INT;ps:alternative;262;;;;ps:feature;ps:feature;
HEX265;265;HEX;ps:alternative;261;;;;ps:feature;ps:feature;
spiSubsystem266;266;spiSubsystem;ps:optional;94;;;;ps:feature;ps:feature;
SPIinputSys267;267;SPIinputSys;ps:mandatory;266;;;;ps:feature;ps:feature;
spi268;268;spi;ps:mandatory;267;;;;ps:feature;ps:feature;
SPI269;269;SPI;ps:mandatory;268;;;;ps:feature;ps:feature;
name270;270;name;ps:mandatory;269;;;;ps:feature;ps:feature;
driverIndex271;271;driverIndex;ps:mandatory;269;;;;ps:feature;ps:feature;
INTORHEX272;272;INTORHEX;ps:alternative;271;;;;ps:feature;ps:feature;
SINT273;273;SINT;ps:alternative;272;;;;ps:feature;ps:feature;
UINT274;274;UINT;ps:alternative;273;;;;ps:feature;ps:feature;
INT275;275;INT;ps:alternative;273;;;;ps:feature;ps:feature;
HEX276;276;HEX;ps:alternative;272;;;;ps:feature;ps:feature;
dataStorageMode277;277;dataStorageMode;ps:mandatory;269;;;;ps:feature;ps:feature;
INTORHEX278;278;INTORHEX;ps:alternative;277;;;;ps:feature;ps:feature;
SINT279;279;SINT;ps:alternative;278;;;;ps:feature;ps:feature;
UINT280;280;UINT;ps:alternative;279;;;;ps:feature;ps:feature;
INT281;281;INT;ps:alternative;279;;;;ps:feature;ps:feature;
HEX282;282;HEX;ps:alternative;278;;;;ps:feature;ps:feature;
command283;283;command;ps:mandatory;269;;;;ps:feature;ps:feature;
INTORHEX284;284;INTORHEX;ps:alternative;283;;;;ps:feature;ps:feature;
SINT285;285;SINT;ps:alternative;284;;;;ps:feature;ps:feature;
UINT286;286;UINT;ps:alternative;285;;;;ps:feature;ps:feature;
INT287;287;INT;ps:alternative;285;;;;ps:feature;ps:feature;
HEX288;288;HEX;ps:alternative;284;;;;ps:feature;ps:feature;
dataLength289;289;dataLength;ps:mandatory;269;;;;ps:feature;ps:feature;
INTORHEX290;290;INTORHEX;ps:alternative;289;;;;ps:feature;ps:feature;
SINT291;291;SINT;ps:alternative;290;;;;ps:feature;ps:feature;
UINT292;292;UINT;ps:alternative;291;;;;ps:feature;ps:feature;
INT293;293;INT;ps:alternative;291;;;;ps:feature;ps:feature;
HEX294;294;HEX;ps:alternative;290;;;;ps:feature;ps:feature;
spitxData295;295;spitxData;ps:mandatory;269;;;;ps:feature;ps:feature;
SPITXData296;296;SPITXData;ps:mandatory;295;;;;ps:feature;ps:feature;
byteOne297;297;byteOne;ps:mandatory;296;;;;ps:feature;ps:feature;
HEX298;298;HEX;ps:alternative;297;;;;ps:feature;ps:feature;
byteTwo299;299;byteTwo;ps:mandatory;296;;;;ps:feature;ps:feature;
HEX300;300;HEX;ps:alternative;299;;;;ps:feature;ps:feature;
byteThree301;301;byteThree;ps:mandatory;296;;;;ps:feature;ps:feature;
HEX302;302;HEX;ps:alternative;301;;;;ps:feature;ps:feature;
byteFour303;303;byteFour;ps:mandatory;296;;;;ps:feature;ps:feature;
HEX304;304;HEX;ps:alternative;303;;;;ps:feature;ps:feature;
module305;305;module;ps:mandatory;269;;;;ps:feature;ps:feature;
INTORHEX306;306;INTORHEX;ps:alternative;305;;;;ps:feature;ps:feature;
SINT307;307;SINT;ps:alternative;306;;;;ps:feature;ps:feature;
UINT308;308;UINT;ps:alternative;307;;;;ps:feature;ps:feature;
INT309;309;INT;ps:alternative;307;;;;ps:feature;ps:feature;
HEX310;310;HEX;ps:alternative;306;;;;ps:feature;ps:feature;
description311;311;description;ps:optional;269;;;;ps:feature;ps:feature;
opwmSubsystem312;312;opwmSubsystem;ps:optional;94;;;;ps:feature;ps:feature;
OPWMSubsystem313;313;OPWMSubsystem;ps:mandatory;312;;;;ps:feature;ps:feature;
opwm314;314;opwm;ps:mandatory;313;;;;ps:feature;ps:feature;
OPWM315;315;OPWM;ps:mandatory;314;;;;ps:feature;ps:feature;
name316;316;name;ps:mandatory;315;;;;ps:feature;ps:feature;
driverIndex317;317;driverIndex;ps:mandatory;315;;;;ps:feature;ps:feature;
INTORHEX318;318;INTORHEX;ps:alternative;317;;;;ps:feature;ps:feature;
SINT319;319;SINT;ps:alternative;318;;;;ps:feature;ps:feature;
UINT320;320;UINT;ps:alternative;319;;;;ps:feature;ps:feature;
INT321;321;INT;ps:alternative;319;;;;ps:feature;ps:feature;
HEX322;322;HEX;ps:alternative;318;;;;ps:feature;ps:feature;
Period323;323;Period;ps:mandatory;315;;;;ps:feature;ps:feature;
SINT324;324;SINT;ps:alternative;323;;;;ps:feature;ps:feature;
UINT325;325;UINT;ps:alternative;324;;;;ps:feature;ps:feature;
INT326;326;INT;ps:alternative;324;;;;ps:feature;ps:feature;
description327;327;description;ps:optional;315;;;;ps:feature;ps:feature;
userDefinedSubsystem328;328;userDefinedSubsystem;ps:optional;94;;;;ps:feature;ps:feature;
UserDefinedSubsystem329;329;UserDefinedSubsystem;ps:mandatory;328;;;;ps:feature;ps:feature;
name330;330;name;ps:mandatory;329;;;;ps:feature;ps:feature;
userPort331;331;userPort;ps:mandatory;329;;;;ps:feature;ps:feature;
UserPort332;332;UserPort;ps:mandatory;331;;;;ps:feature;ps:feature;
name333;333;name;ps:mandatory;332;;;;ps:feature;ps:feature;
driverIndex334;334;driverIndex;ps:mandatory;332;;;;ps:feature;ps:feature;
INTORHEX335;335;INTORHEX;ps:alternative;334;;;;ps:feature;ps:feature;
SINT336;336;SINT;ps:alternative;335;;;;ps:feature;ps:feature;
UINT337;337;UINT;ps:alternative;336;;;;ps:feature;ps:feature;
INT338;338;INT;ps:alternative;336;;;;ps:feature;ps:feature;
HEX339;339;HEX;ps:alternative;335;;;;ps:feature;ps:feature;
description340;340;description;ps:optional;332;;;;ps:feature;ps:feature;
signals341;341;signals;ps:optional;0;;;;ps:feature;ps:feature;
Signals342;342;Signals;ps:mandatory;341;;;;ps:feature;ps:feature;
name343;343;name;ps:mandatory;342;;;;ps:feature;ps:feature;
piosSignals344;344;piosSignals;ps:optional;342;;;;ps:feature;ps:feature;
GeneralSignals345;345;GeneralSignals;ps:mandatory;344;;;;ps:feature;ps:feature;
generalSignal346;346;generalSignal;ps:mandatory;345;;;;ps:feature;ps:feature;
GeneralSignal347;347;GeneralSignal;ps:alternative;346;;;;ps:feature;ps:feature;
InputSignal348;348;InputSignal;ps:alternative;347;;;;ps:feature;ps:feature;
name349;349;name;ps:mandatory;348;;;;ps:feature;ps:feature;
signal350;350;signal;ps:mandatory;348;;;;ps:feature;ps:feature;
Signal351;351;Signal;ps:mandatory;350;;;;ps:feature;ps:feature;
dataType352;352;dataType;ps:mandatory;351;;;;ps:feature;ps:feature;
dataTypeEnumeration353;353;dataTypeEnumeration;ps:alternative;352;;;;ps:feature;ps:feature;
FL32354;354;FL32;ps:alternative;353;;;;ps:feature;ps:feature;
SI8355;355;SI8;ps:alternative;353;;;;ps:feature;ps:feature;
SI16356;356;SI16;ps:alternative;353;;;;ps:feature;ps:feature;
SI32357;357;SI32;ps:alternative;353;;;;ps:feature;ps:feature;
UI8358;358;UI8;ps:alternative;353;;;;ps:feature;ps:feature;
UI16359;359;UI16;ps:alternative;353;;;;ps:feature;ps:feature;
description360;360;description;ps:optional;351;;;;ps:feature;ps:feature;
asapMeasurment361;361;asapMeasurment;ps:optional;351;;;;ps:feature;ps:feature;
ASAPMeasurment362;362;ASAPMeasurment;ps:mandatory;361;;;;ps:feature;ps:feature;
lowerLimit363;363;lowerLimit;ps:optional;362;;;;ps:feature;ps:feature;
NUMBER364;364;NUMBER;ps:alternative;363;;;;ps:feature;ps:feature;
FLOAT365;365;FLOAT;ps:alternative;364;;;;ps:feature;ps:feature;
NATIVE_FLOAT366;366;NATIVE_FLOAT;ps:alternative;365;;;;ps:feature;ps:feature;
SINT367;367;SINT;ps:alternative;365;;;;ps:feature;ps:feature;
UINT368;368;UINT;ps:alternative;367;;;;ps:feature;ps:feature;
INT369;369;INT;ps:alternative;367;;;;ps:feature;ps:feature;
HEX370;370;HEX;ps:alternative;364;;;;ps:feature;ps:feature;
upperLimit371;371;upperLimit;ps:optional;362;;;;ps:feature;ps:feature;
NUMBER372;372;NUMBER;ps:alternative;371;;;;ps:feature;ps:feature;
FLOAT373;373;FLOAT;ps:alternative;372;;;;ps:feature;ps:feature;
NATIVE_FLOAT374;374;NATIVE_FLOAT;ps:alternative;373;;;;ps:feature;ps:feature;
SINT375;375;SINT;ps:alternative;373;;;;ps:feature;ps:feature;
UINT376;376;UINT;ps:alternative;375;;;;ps:feature;ps:feature;
INT377;377;INT;ps:alternative;375;;;;ps:feature;ps:feature;
HEX378;378;HEX;ps:alternative;372;;;;ps:feature;ps:feature;
powerSupply379;379;powerSupply;ps:optional;348;;;;ps:feature;ps:feature;
datafield380;380;datafield;ps:mandatory;348;;;;ps:feature;ps:feature;
InputDatafield381;381;InputDatafield;ps:alternative;380;;;;ps:feature;ps:feature;
variantName382;382;variantName;ps:mandatory;381;;;;ps:feature;ps:feature;
lowerLimit383;383;lowerLimit;ps:optional;381;;;;ps:feature;ps:feature;
NUMBER384;384;NUMBER;ps:alternative;383;;;;ps:feature;ps:feature;
FLOAT385;385;FLOAT;ps:alternative;384;;;;ps:feature;ps:feature;
NATIVE_FLOAT386;386;NATIVE_FLOAT;ps:alternative;385;;;;ps:feature;ps:feature;
SINT387;387;SINT;ps:alternative;385;;;;ps:feature;ps:feature;
UINT388;388;UINT;ps:alternative;387;;;;ps:feature;ps:feature;
INT389;389;INT;ps:alternative;387;;;;ps:feature;ps:feature;
HEX390;390;HEX;ps:alternative;384;;;;ps:feature;ps:feature;
upperLimit391;391;upperLimit;ps:optional;381;;;;ps:feature;ps:feature;
NUMBER392;392;NUMBER;ps:alternative;391;;;;ps:feature;ps:feature;
FLOAT393;393;FLOAT;ps:alternative;392;;;;ps:feature;ps:feature;
NATIVE_FLOAT394;394;NATIVE_FLOAT;ps:alternative;393;;;;ps:feature;ps:feature;
SINT395;395;SINT;ps:alternative;393;;;;ps:feature;ps:feature;
UINT396;396;UINT;ps:alternative;395;;;;ps:feature;ps:feature;
INT397;397;INT;ps:alternative;395;;;;ps:feature;ps:feature;
HEX398;398;HEX;ps:alternative;392;;;;ps:feature;ps:feature;
initValue399;399;initValue;ps:optional;381;;;;ps:feature;ps:feature;
NUMBER400;400;NUMBER;ps:alternative;399;;;;ps:feature;ps:feature;
FLOAT401;401;FLOAT;ps:alternative;400;;;;ps:feature;ps:feature;
NATIVE_FLOAT402;402;NATIVE_FLOAT;ps:alternative;401;;;;ps:feature;ps:feature;
SINT403;403;SINT;ps:alternative;401;;;;ps:feature;ps:feature;
UINT404;404;UINT;ps:alternative;403;;;;ps:feature;ps:feature;
INT405;405;INT;ps:alternative;403;;;;ps:feature;ps:feature;
HEX406;406;HEX;ps:alternative;400;;;;ps:feature;ps:feature;
subSystem407;407;subSystem;ps:mandatory;381;;;;ps:feature;ps:feature;
portname408;408;portname;ps:mandatory;381;;;;ps:feature;ps:feature;
Portname409;409;Portname;ps:alternative;408;;;;ps:feature;ps:feature;
number410;410;number;ps:alternative;409;;;;ps:feature;ps:feature;
UiInt411;411;UiInt;ps:mandatory;410;;;;ps:feature;ps:feature;
UINT412;412;UINT;ps:alternative;411;;;;ps:feature;ps:feature;
port413;413;port;ps:alternative;409;;;;ps:feature;ps:feature;
OutputSignal414;414;OutputSignal;ps:alternative;347;;;;ps:feature;ps:feature;
name415;415;name;ps:mandatory;414;;;;ps:feature;ps:feature;
signal416;416;signal;ps:mandatory;414;;;;ps:feature;ps:feature;
Signal417;417;Signal;ps:mandatory;416;;;;ps:feature;ps:feature;
dataType418;418;dataType;ps:mandatory;417;;;;ps:feature;ps:feature;
dataTypeEnumeration419;419;dataTypeEnumeration;ps:alternative;418;;;;ps:feature;ps:feature;
FL32420;420;FL32;ps:alternative;419;;;;ps:feature;ps:feature;
SI8421;421;SI8;ps:alternative;419;;;;ps:feature;ps:feature;
SI16422;422;SI16;ps:alternative;419;;;;ps:feature;ps:feature;
SI32423;423;SI32;ps:alternative;419;;;;ps:feature;ps:feature;
UI8424;424;UI8;ps:alternative;419;;;;ps:feature;ps:feature;
UI16425;425;UI16;ps:alternative;419;;;;ps:feature;ps:feature;
description426;426;description;ps:optional;417;;;;ps:feature;ps:feature;
asapMeasurment427;427;asapMeasurment;ps:optional;417;;;;ps:feature;ps:feature;
ASAPMeasurment428;428;ASAPMeasurment;ps:mandatory;427;;;;ps:feature;ps:feature;
lowerLimit429;429;lowerLimit;ps:optional;428;;;;ps:feature;ps:feature;
NUMBER430;430;NUMBER;ps:alternative;429;;;;ps:feature;ps:feature;
FLOAT431;431;FLOAT;ps:alternative;430;;;;ps:feature;ps:feature;
NATIVE_FLOAT432;432;NATIVE_FLOAT;ps:alternative;431;;;;ps:feature;ps:feature;
SINT433;433;SINT;ps:alternative;431;;;;ps:feature;ps:feature;
UINT434;434;UINT;ps:alternative;433;;;;ps:feature;ps:feature;
INT435;435;INT;ps:alternative;433;;;;ps:feature;ps:feature;
HEX436;436;HEX;ps:alternative;430;;;;ps:feature;ps:feature;
upperLimit437;437;upperLimit;ps:optional;428;;;;ps:feature;ps:feature;
NUMBER438;438;NUMBER;ps:alternative;437;;;;ps:feature;ps:feature;
FLOAT439;439;FLOAT;ps:alternative;438;;;;ps:feature;ps:feature;
NATIVE_FLOAT440;440;NATIVE_FLOAT;ps:alternative;439;;;;ps:feature;ps:feature;
SINT441;441;SINT;ps:alternative;439;;;;ps:feature;ps:feature;
UINT442;442;UINT;ps:alternative;441;;;;ps:feature;ps:feature;
INT443;443;INT;ps:alternative;441;;;;ps:feature;ps:feature;
HEX444;444;HEX;ps:alternative;438;;;;ps:feature;ps:feature;
pullUpResistorSignal445;445;pullUpResistorSignal;ps:optional;414;;;;ps:feature;ps:feature;
datafield446;446;datafield;ps:mandatory;414;;;;ps:feature;ps:feature;
OutputDatafield447;447;OutputDatafield;ps:alternative;446;;;;ps:feature;ps:feature;
variantName448;448;variantName;ps:mandatory;447;;;;ps:feature;ps:feature;
lowerLimit449;449;lowerLimit;ps:optional;447;;;;ps:feature;ps:feature;
NUMBER450;450;NUMBER;ps:alternative;449;;;;ps:feature;ps:feature;
FLOAT451;451;FLOAT;ps:alternative;450;;;;ps:feature;ps:feature;
NATIVE_FLOAT452;452;NATIVE_FLOAT;ps:alternative;451;;;;ps:feature;ps:feature;
SINT453;453;SINT;ps:alternative;451;;;;ps:feature;ps:feature;
UINT454;454;UINT;ps:alternative;453;;;;ps:feature;ps:feature;
INT455;455;INT;ps:alternative;453;;;;ps:feature;ps:feature;
HEX456;456;HEX;ps:alternative;450;;;;ps:feature;ps:feature;
upperLimit457;457;upperLimit;ps:optional;447;;;;ps:feature;ps:feature;
NUMBER458;458;NUMBER;ps:alternative;457;;;;ps:feature;ps:feature;
FLOAT459;459;FLOAT;ps:alternative;458;;;;ps:feature;ps:feature;
NATIVE_FLOAT460;460;NATIVE_FLOAT;ps:alternative;459;;;;ps:feature;ps:feature;
SINT461;461;SINT;ps:alternative;459;;;;ps:feature;ps:feature;
UINT462;462;UINT;ps:alternative;461;;;;ps:feature;ps:feature;
INT463;463;INT;ps:alternative;461;;;;ps:feature;ps:feature;
HEX464;464;HEX;ps:alternative;458;;;;ps:feature;ps:feature;
initValue465;465;initValue;ps:optional;447;;;;ps:feature;ps:feature;
NUMBER466;466;NUMBER;ps:alternative;465;;;;ps:feature;ps:feature;
FLOAT467;467;FLOAT;ps:alternative;466;;;;ps:feature;ps:feature;
NATIVE_FLOAT468;468;NATIVE_FLOAT;ps:alternative;467;;;;ps:feature;ps:feature;
SINT469;469;SINT;ps:alternative;467;;;;ps:feature;ps:feature;
UINT470;470;UINT;ps:alternative;469;;;;ps:feature;ps:feature;
INT471;471;INT;ps:alternative;469;;;;ps:feature;ps:feature;
HEX472;472;HEX;ps:alternative;466;;;;ps:feature;ps:feature;
subSystem473;473;subSystem;ps:mandatory;447;;;;ps:feature;ps:feature;
portname474;474;portname;ps:mandatory;447;;;;ps:feature;ps:feature;
Portname475;475;Portname;ps:alternative;474;;;;ps:feature;ps:feature;
number476;476;number;ps:alternative;475;;;;ps:feature;ps:feature;
UiInt477;477;UiInt;ps:mandatory;476;;;;ps:feature;ps:feature;
UINT478;478;UINT;ps:alternative;477;;;;ps:feature;ps:feature;
port479;479;port;ps:alternative;475;;;;ps:feature;ps:feature;
