<?xml version="1.0" encoding="UTF-8" standalone="no"?>
<Grammar>
    <Rule name="Configuration">
        <Group cardinality="">
            <Keyword value="Configuration"/>
            <Assignment cardinality="" name="configurationName">
                <Parent name="ID"/>
            </Assignment>
            <Keyword value="{"/>
            <Assignment cardinality="" name="version">
                <Keyword value="Version_1.26"/>
            </Assignment>
            <Assignment cardinality="?" name="mainMergeFile">
                <Keyword value="mainFileForMerging"/>
            </Assignment>
            <Assignment cardinality="*" name="imports">
                <Parent name="Imports"/>
            </Assignment>
            <Assignment cardinality="?" name="variants">
                <Parent name="Variants"/>
            </Assignment>
            <Assignment cardinality="?" name="system">
                <Parent name="System"/>
            </Assignment>
            <Assignment cardinality="?" name="hardware">
                <Parent name="Hardware"/>
            </Assignment>
            <Assignment cardinality="?" name="signals">
                <Parent name="Signals"/>
            </Assignment>
            <Keyword value="}"/>
        </Group>
    </Rule>
    <Rule name="System">
        <Group cardinality="">
            <Keyword value="System"/>
            <Assignment cardinality="" name="name">
                <Parent name="ID"/>
            </Assignment>
            <Keyword value="{"/>
            <Assignment cardinality="" name="configSubsystem">
                <Parent name="ConfigSubsystem"/>
            </Assignment>
            <Keyword value="}"/>
        </Group>
    </Rule>
    <Rule name="Signals">
        <Group cardinality="">
            <Keyword value="Signals"/>
            <Assignment cardinality="" name="name">
                <Parent name="ID"/>
            </Assignment>
            <Keyword value="{"/>
            <Assignment cardinality="?" name="piosSignals">
                <Parent name="GeneralSignals"/>
            </Assignment>
            <Keyword value="}"/>
        </Group>
    </Rule>
    <Rule name="GeneralSignals">
        <Group cardinality="">
            <Assignment cardinality="+" name="generalSignal">
                <Parent name="GeneralSignal"/>
            </Assignment>
        </Group>
    </Rule>
    <Rule cardinality="|" name="GeneralSignal">
        <Parent name="InputSignal"/>
        <Parent name="OutputSignal"/>
    </Rule>
    <Rule name="InputSignal">
        <Group cardinality="">
            <Keyword value="InputSignal"/>
            <Assignment cardinality="" name="name">
                <Parent name="ID"/>
            </Assignment>
            <Keyword value="{"/>
            <Assignment cardinality="" name="signal">
                <Parent name="Signal"/>
            </Assignment>
            <Assignment cardinality="?" name="powerSupply">
                <Keyword value="PowerSupply"/>
            </Assignment>
            <Assignment cardinality="+" name="datafield">
                <Parent name="InputDatafield"/>
            </Assignment>
            <Keyword value="}"/>
        </Group>
    </Rule>
    <Rule name="OutputSignal">
        <Group cardinality="">
            <Keyword value="OutputSignal"/>
            <Assignment cardinality="" name="name">
                <Parent name="ID"/>
            </Assignment>
            <Keyword value="{"/>
            <Assignment cardinality="" name="signal">
                <Parent name="Signal"/>
            </Assignment>
            <Assignment cardinality="?" name="pullUpResistorSignal">
                <Keyword value="TemperaturePullupResistorSwitch"/>
            </Assignment>
            <Assignment cardinality="+" name="datafield">
                <Parent name="OutputDatafield"/>
            </Assignment>
            <Keyword value="}"/>
        </Group>
    </Rule>
    <Rule cardinality="|" name="Datafield">
        <Parent name="InputDatafield"/>
        <Parent name="OutputDatafield"/>
    </Rule>
    <Rule name="InputDatafield">
        <Group cardinality="">
            <Keyword value="DatafieldVariant"/>
            <Assignment cardinality="" name="variantName">
                <Reference name="Variant"/>
            </Assignment>
            <Keyword value="{"/>
            <Group cardinality="?">
                <Keyword value="LowerLimit"/>
                <Assignment cardinality="" name="lowerLimit">
                    <Parent name="NUMBER"/>
                </Assignment>
            </Group>
            <Group cardinality="?">
                <Keyword value="UpperLimit"/>
                <Assignment cardinality="" name="upperLimit">
                    <Parent name="NUMBER"/>
                </Assignment>
            </Group>
            <Group cardinality="?">
                <Keyword value="InitValue"/>
                <Assignment cardinality="" name="initValue">
                    <Parent name="NUMBER"/>
                </Assignment>
            </Group>
            <Keyword value="SubSystem"/>
            <Assignment cardinality="" name="subSystem">
                <Reference name="InputDriverType"/>
            </Assignment>
            <Keyword value="PortName"/>
            <Assignment cardinality="" name="portname">
                <Parent name="Portname"/>
            </Assignment>
            <Keyword value="}"/>
        </Group>
    </Rule>
    <Rule name="OutputDatafield">
        <Group cardinality="">
            <Keyword value="DatafieldVariant"/>
            <Assignment cardinality="" name="variantName">
                <Reference name="Variant"/>
            </Assignment>
            <Keyword value="{"/>
            <Group cardinality="?">
                <Keyword value="LowerLimit"/>
                <Assignment cardinality="" name="lowerLimit">
                    <Parent name="NUMBER"/>
                </Assignment>
            </Group>
            <Group cardinality="?">
                <Keyword value="UpperLimit"/>
                <Assignment cardinality="" name="upperLimit">
                    <Parent name="NUMBER"/>
                </Assignment>
            </Group>
            <Group cardinality="?">
                <Keyword value="InitValue"/>
                <Assignment cardinality="" name="initValue">
                    <Parent name="NUMBER"/>
                </Assignment>
            </Group>
            <Keyword value="SubSystem"/>
            <Assignment cardinality="" name="subSystem">
                <Reference name="OutputDriverType"/>
            </Assignment>
            <Keyword value="PortName"/>
            <Assignment cardinality="" name="portname">
                <Parent name="Portname"/>
            </Assignment>
            <Keyword value="}"/>
        </Group>
    </Rule>
    <Rule cardinality="|" name="Portname">
        <Assignment cardinality="" name="number">
            <Parent name="UiInt"/>
        </Assignment>
        <Assignment cardinality="" name="port">
            <Reference name="EObject"/>
        </Assignment>
    </Rule>
    <Rule name="Variants">
        <Group cardinality="">
            <Keyword value="Variants"/>
            <Keyword value="{"/>
            <Assignment cardinality="+" name="variants">
                <Parent name="Variant"/>
            </Assignment>
            <Keyword value="}"/>
        </Group>
    </Rule>
    <Rule name="Variant">
        <Group cardinality="">
            <Assignment cardinality="?" name="defaultVariant">
                <Keyword value="Default"/>
            </Assignment>
            <Keyword value="Variant"/>
            <Assignment cardinality="" name="name">
                <Parent name="ID"/>
            </Assignment>
        </Group>
    </Rule>
    <Rule name="Signal">
        <Group cardinality="">
            <Keyword value="DataType"/>
            <Assignment cardinality="" name="dataType">
                <Parent name="dataTypeEnumeration"/>
            </Assignment>
            <Group cardinality="?">
                <Keyword value="Description"/>
                <Assignment cardinality="" name="description">
                    <Parent name="STRING"/>
                </Assignment>
            </Group>
            <Assignment cardinality="?" name="asapMeasurment">
                <Parent name="ASAPMeasurment"/>
            </Assignment>
        </Group>
    </Rule>
    <Rule name="ASAPMeasurment">
        <Group cardinality="">
            <Keyword value="ASAPMeasurement"/>
            <Keyword value="{"/>
            <Group cardinality="?">
                <Keyword value="LowerLimit"/>
                <Assignment cardinality="" name="lowerLimit">
                    <Parent name="NUMBER"/>
                </Assignment>
            </Group>
            <Group cardinality="?">
                <Keyword value="UpperLimit"/>
                <Assignment cardinality="" name="upperLimit">
                    <Parent name="NUMBER"/>
                </Assignment>
            </Group>
            <Keyword value="}"/>
        </Group>
    </Rule>
    <Rule name="Hardware">
        <Group cardinality="">
            <Keyword value="Hardware"/>
            <Assignment cardinality="" name="name">
                <Parent name="ID"/>
            </Assignment>
            <Keyword value="{"/>
            <Assignment cardinality="?" name="driverToECU">
                <Parent name="DriverToECU"/>
            </Assignment>
            <Assignment cardinality="?" name="tempSensorSubsystem">
                <Parent name="TempSensorSubsystem"/>
            </Assignment>
            <Assignment cardinality="?" name="electricDiagSubsystem">
                <Parent name="ElectricDiagSubsystem"/>
            </Assignment>
            <Assignment cardinality="?" name="frequencySubsystem">
                <Parent name="FrequencySubsystem"/>
            </Assignment>
            <Assignment cardinality="?" name="spiSubsystem">
                <Parent name="SPIinputSys"/>
            </Assignment>
            <Assignment cardinality="?" name="opwmSubsystem">
                <Parent name="OPWMSubsystem"/>
            </Assignment>
            <Assignment cardinality="*" name="userDefinedSubsystem">
                <Parent name="UserDefinedSubsystem"/>
            </Assignment>
            <Keyword value="}"/>
        </Group>
    </Rule>
    <Rule name="ConfigSubsystem">
        <Group cardinality="">
            <Keyword value="ConfigSubsystem"/>
            <Keyword value="{"/>
            <Assignment cardinality="" name="configSubsystemInput">
                <Parent name="ConfigSubsystemInput"/>
            </Assignment>
            <Assignment cardinality="" name="configSubsystemOutput">
                <Parent name="ConfigSubsystemOutput"/>
            </Assignment>
            <Keyword value="}"/>
        </Group>
    </Rule>
    <Rule name="ConfigSubsystemInput">
        <Group cardinality="">
            <Keyword value="Input"/>
            <Keyword value="{"/>
            <Keyword value="MaximalNumberInputSubsystems"/>
            <Assignment cardinality="" name="maximalNumberInputSubsystems">
                <Parent name="UINT"/>
            </Assignment>
            <Assignment cardinality="" name="inputSubsystems">
                <Parent name="InputSubsystems"/>
            </Assignment>
            <Keyword value="}"/>
        </Group>
    </Rule>
    <Rule name="ConfigSubsystemOutput">
        <Group cardinality="">
            <Keyword value="Output"/>
            <Keyword value="{"/>
            <Keyword value="MaximalNumberOutputSubsystems"/>
            <Assignment cardinality="" name="maximalNumberOutputSubsystems">
                <Parent name="UINT"/>
            </Assignment>
            <Assignment cardinality="" name="outputSubsystems">
                <Parent name="OutputSubsystems"/>
            </Assignment>
            <Keyword value="}"/>
        </Group>
    </Rule>
    <Rule name="InputSubsystems">
        <Group cardinality="">
            <Group cardinality="">
                <Assignment cardinality="?" name="inputNull">
                    <Parent name="InputConfigSubsystemNull"/>
                </Assignment>
                <Assignment cardinality="?" name="inputAnalog">
                    <Parent name="InputConfigSubsystemAnalog"/>
                </Assignment>
                <Assignment cardinality="?" name="inputTemperature">
                    <Parent name="InputConfigSubsystemTemperature"/>
                </Assignment>
                <Assignment cardinality="?" name="inputDigital">
                    <Parent name="InputConfigSubsystemDigital"/>
                </Assignment>
                <Assignment cardinality="?" name="inputFrq">
                    <Parent name="InputConfigSubsystemFrq"/>
                </Assignment>
                <Assignment cardinality="?" name="inputSPI">
                    <Parent name="InputConfigSubsystemSPI"/>
                </Assignment>
            </Group>
            <Assignment cardinality="*" name="inputConfigSubsystem">
                <Parent name="InputConfigSubsystemItem"/>
            </Assignment>
        </Group>
    </Rule>
    <Rule name="OutputSubsystems">
        <Group cardinality="">
            <Group cardinality="">
                <Assignment cardinality="?" name="outputNull">
                    <Parent name="OutputConfigSubsystemNull"/>
                </Assignment>
                <Assignment cardinality="?" name="outputDigital">
                    <Parent name="OutputConfigSubsystemDigital"/>
                </Assignment>
                <Assignment cardinality="?" name="outputPWM">
                    <Parent name="OutputConfigSubsystemPWM"/>
                </Assignment>
                <Assignment cardinality="?" name="outputElDiag">
                    <Parent name="OutputConfigSubsystemElDiag"/>
                </Assignment>
            </Group>
            <Assignment cardinality="*" name="outputConfigSubsystem">
                <Parent name="OutputConfigSubsystemItem"/>
            </Assignment>
        </Group>
    </Rule>
    <Rule name="InputConfigSubsystemNull">
        <Group cardinality="">
            <Keyword value="NameINull"/>
            <Assignment cardinality="" name="name">
                <Parent name="ID"/>
            </Assignment>
            <Keyword value="{"/>
            <Keyword value="SortingIndex"/>
            <Assignment cardinality="" name="sortingIndex">
                <Parent name="UINT"/>
            </Assignment>
            <Keyword value="}"/>
        </Group>
    </Rule>
    <Rule name="OutputConfigSubsystemNull">
        <Group cardinality="">
            <Keyword value="NameONull"/>
            <Assignment cardinality="" name="name">
                <Parent name="ID"/>
            </Assignment>
            <Keyword value="{"/>
            <Keyword value="SortingIndex"/>
            <Assignment cardinality="" name="sortingIndex">
                <Parent name="UINT"/>
            </Assignment>
            <Keyword value="}"/>
        </Group>
    </Rule>
    <Rule cardinality="|" name="GenericSubsystem">
        <Parent name="InputDriverType"/>
        <Parent name="OutputDriverType"/>
    </Rule>
    <Rule cardinality="|" name="InputDriverType">
        <Parent name="InputConfigSubsystemNull"/>
        <Parent name="InputConfigSubsystemAnalog"/>
        <Parent name="InputConfigSubsystemTemperature"/>
        <Parent name="InputConfigSubsystemSPI"/>
        <Parent name="InputConfigSubsystemDigital"/>
        <Parent name="InputConfigSubsystemFrq"/>
        <Parent name="InputConfigSubsystemItem"/>
    </Rule>
    <Rule cardinality="|" name="OutputDriverType">
        <Parent name="OutputConfigSubsystemNull"/>
        <Parent name="OutputConfigSubsystemDigital"/>
        <Parent name="OutputConfigSubsystemItem"/>
        <Parent name="OutputConfigSubsystemElDiag"/>
        <Parent name="OutputConfigSubsystemPWM"/>
    </Rule>
    <Rule name="InputConfigSubsystemAnalog">
        <Group cardinality="">
            <Keyword value="NameIADC"/>
            <Assignment cardinality="" name="name">
                <Parent name="ID"/>
            </Assignment>
            <Keyword value="{"/>
            <Keyword value="SortingIndex"/>
            <Assignment cardinality="" name="sortingIndex">
                <Parent name="UINT"/>
            </Assignment>
            <Keyword value="}"/>
        </Group>
    </Rule>
    <Rule name="InputConfigSubsystemTemperature">
        <Group cardinality="">
            <Keyword value="NameITemperature"/>
            <Assignment cardinality="" name="name">
                <Parent name="ID"/>
            </Assignment>
            <Keyword value="{"/>
            <Keyword value="SortingIndex"/>
            <Assignment cardinality="" name="sortingIndex">
                <Parent name="UINT"/>
            </Assignment>
            <Keyword value="}"/>
        </Group>
    </Rule>
    <Rule name="OutputConfigSubsystemElDiag">
        <Group cardinality="">
            <Keyword value="NameElDiag"/>
            <Assignment cardinality="" name="name">
                <Parent name="ID"/>
            </Assignment>
            <Keyword value="{"/>
            <Keyword value="SortingIndex"/>
            <Assignment cardinality="" name="sortingIndex">
                <Parent name="UINT"/>
            </Assignment>
            <Keyword value="TemperatureSensor"/>
            <Assignment cardinality="" name="tempSensor">
                <Reference name="InputSignal"/>
            </Assignment>
            <Keyword value="}"/>
        </Group>
    </Rule>
    <Rule name="InputConfigSubsystemSPI">
        <Group cardinality="">
            <Keyword value="NameSPI"/>
            <Assignment cardinality="" name="name">
                <Parent name="ID"/>
            </Assignment>
            <Keyword value="{"/>
            <Keyword value="SortingIndex"/>
            <Assignment cardinality="" name="sortingIndex">
                <Parent name="UINT"/>
            </Assignment>
            <Keyword value="}"/>
        </Group>
    </Rule>
    <Rule name="InputConfigSubsystemDigital">
        <Group cardinality="">
            <Keyword value="NameIDig"/>
            <Assignment cardinality="" name="name">
                <Parent name="ID"/>
            </Assignment>
            <Keyword value="{"/>
            <Keyword value="SortingIndex"/>
            <Assignment cardinality="" name="sortingIndex">
                <Parent name="UINT"/>
            </Assignment>
            <Keyword value="}"/>
        </Group>
    </Rule>
    <Rule name="InputConfigSubsystemFrq">
        <Group cardinality="">
            <Keyword value="NameIFrq"/>
            <Assignment cardinality="" name="name">
                <Parent name="ID"/>
            </Assignment>
            <Keyword value="{"/>
            <Keyword value="SortingIndex"/>
            <Assignment cardinality="" name="sortingIndex">
                <Parent name="UINT"/>
            </Assignment>
            <Keyword value="}"/>
        </Group>
    </Rule>
    <Rule name="OutputConfigSubsystemPWM">
        <Group cardinality="">
            <Keyword value="NamePWM"/>
            <Assignment cardinality="" name="name">
                <Parent name="ID"/>
            </Assignment>
            <Keyword value="{"/>
            <Keyword value="SortingIndex"/>
            <Assignment cardinality="" name="sortingIndex">
                <Parent name="UINT"/>
            </Assignment>
            <Keyword value="}"/>
        </Group>
    </Rule>
    <Rule name="OutputConfigSubsystemDigital">
        <Group cardinality="">
            <Keyword value="NameODig"/>
            <Assignment cardinality="" name="name">
                <Parent name="ID"/>
            </Assignment>
            <Keyword value="{"/>
            <Keyword value="SortingIndex"/>
            <Assignment cardinality="" name="sortingIndex">
                <Parent name="UINT"/>
            </Assignment>
            <Keyword value="}"/>
        </Group>
    </Rule>
    <Rule name="InputConfigSubsystemItem">
        <Group cardinality="">
            <Keyword value="NameIUser"/>
            <Assignment cardinality="" name="name">
                <Parent name="ID"/>
            </Assignment>
            <Keyword value="{"/>
            <Keyword value="SortingIndex"/>
            <Assignment cardinality="" name="sortingIndex">
                <Parent name="UINT"/>
            </Assignment>
            <Keyword value="}"/>
        </Group>
    </Rule>
    <Rule name="OutputConfigSubsystemItem">
        <Group cardinality="">
            <Keyword value="NameOUser"/>
            <Assignment cardinality="" name="name">
                <Parent name="ID"/>
            </Assignment>
            <Keyword value="{"/>
            <Keyword value="SortingIndex"/>
            <Assignment cardinality="" name="sortingIndex">
                <Parent name="UINT"/>
            </Assignment>
            <Keyword value="}"/>
        </Group>
    </Rule>
    <Rule name="DriverToECU">
        <Group cardinality="">
            <Keyword value="DriverToECU"/>
            <Keyword value="{"/>
            <Assignment cardinality="?" name="inputAnalogDrivers">
                <Parent name="InputAnalogDrivers"/>
            </Assignment>
            <Group cardinality="?">
                <Assignment cardinality="" name="inputDigitalDrivers">
                    <Parent name="InputDigitalDrivers"/>
                </Assignment>
                <Assignment cardinality="" name="inputDigDriversTable">
                    <Parent name="InputDigDriversTable"/>
                </Assignment>
            </Group>
            <Group cardinality="?">
                <Assignment cardinality="" name="outputDigitalDrivers">
                    <Parent name="OutputDigitalDrivers"/>
                </Assignment>
                <Assignment cardinality="" name="outputDigDriversTable">
                    <Parent name="OutputDigDriversTable"/>
                </Assignment>
            </Group>
            <Keyword value="}"/>
        </Group>
    </Rule>
    <Rule name="TempSensorSubsystem">
        <Group cardinality="">
            <Keyword value="TemperatureSensorSubsystem"/>
            <Keyword value="{"/>
            <Assignment cardinality="+" name="driver">
                <Parent name="AnalogDriver"/>
            </Assignment>
            <Keyword value="}"/>
        </Group>
    </Rule>
    <Rule name="InputAnalogDrivers">
        <Group cardinality="">
            <Keyword value="InputAnalogDrivers"/>
            <Keyword value="{"/>
            <Assignment cardinality="+" name="driver">
                <Parent name="AnalogDriver"/>
            </Assignment>
            <Keyword value="}"/>
        </Group>
    </Rule>
    <Rule name="InputDigitalDrivers">
        <Group cardinality="">
            <Keyword value="InputDigitalDrivers"/>
            <Keyword value="{"/>
            <Assignment cardinality="+" name="driver">
                <Parent name="InDigDriver"/>
            </Assignment>
            <Keyword value="}"/>
        </Group>
    </Rule>
    <Rule name="OutputDigitalDrivers">
        <Group cardinality="">
            <Keyword value="OutputDigitalDrivers"/>
            <Keyword value="{"/>
            <Assignment cardinality="+" name="driver">
                <Parent name="OutDigDriver"/>
            </Assignment>
            <Keyword value="}"/>
        </Group>
    </Rule>
    <Rule name="AnalogDriver">
        <Group cardinality="">
            <Keyword value="Port"/>
            <Assignment cardinality="" name="name">
                <Parent name="ID"/>
            </Assignment>
            <Keyword value="{"/>
            <Assignment cardinality="" name="driverSetup">
                <Parent name="IADC"/>
            </Assignment>
            <Keyword value="}"/>
        </Group>
    </Rule>
    <Rule name="InDigDriver">
        <Group cardinality="">
            <Keyword value="Port"/>
            <Assignment cardinality="" name="name">
                <Parent name="ID"/>
            </Assignment>
            <Keyword value="{"/>
            <Assignment cardinality="" name="driverSetup">
                <Parent name="CommonDriver"/>
            </Assignment>
            <Keyword value="}"/>
        </Group>
    </Rule>
    <Rule name="OutDigDriver">
        <Group cardinality="">
            <Keyword value="Port"/>
            <Assignment cardinality="" name="name">
                <Parent name="ID"/>
            </Assignment>
            <Keyword value="{"/>
            <Assignment cardinality="" name="driverSetup">
                <Parent name="CommonDriver"/>
            </Assignment>
            <Keyword value="}"/>
        </Group>
    </Rule>
    <Rule name="CommonDriver">
        <Group cardinality="">
            <Keyword value="DriverIndex"/>
            <Assignment cardinality="" name="driverIndex">
                <Parent name="INTORHEX"/>
            </Assignment>
            <Group cardinality="?">
                <Keyword value="ControllerPinName"/>
                <Assignment cardinality="" name="controllerPinName">
                    <Parent name="STRING"/>
                </Assignment>
            </Group>
            <Group cardinality="?">
                <Keyword value="Description"/>
                <Assignment cardinality="" name="description">
                    <Parent name="STRING"/>
                </Assignment>
            </Group>
        </Group>
    </Rule>
    <Rule name="InputDigDriversTable">
        <Group cardinality="">
            <Keyword value="InputDigDriversTable"/>
            <Keyword value="{"/>
            <Assignment cardinality="+" name="digitalDriverTableRef">
                <Parent name="InDigitalDriverTableRef"/>
            </Assignment>
            <Keyword value="}"/>
        </Group>
    </Rule>
    <Rule name="OutputDigDriversTable">
        <Group cardinality="">
            <Keyword value="OutputDigDriversTable"/>
            <Keyword value="{"/>
            <Assignment cardinality="+" name="digitalDriverTableRef">
                <Parent name="OutDigitalDriverTableRef"/>
            </Assignment>
            <Keyword value="}"/>
        </Group>
    </Rule>
    <Rule name="InDigitalDriverTableRef">
        <Group cardinality="|">
            <Assignment cardinality="" name="dummySignal">
                <Keyword value="Null"/>
            </Assignment>
            <Assignment cardinality="" name="name">
                <Reference name="InDigDriver"/>
            </Assignment>
        </Group>
    </Rule>
    <Rule name="OutDigitalDriverTableRef">
        <Group cardinality="|">
            <Assignment cardinality="" name="dummySignal">
                <Keyword value="Null"/>
            </Assignment>
            <Assignment cardinality="" name="name">
                <Reference name="OutDigDriver"/>
            </Assignment>
        </Group>
    </Rule>
    <Rule name="ElectricDiagSubsystem">
        <Group cardinality="">
            <Keyword value="ElDiagSubsystem"/>
            <Keyword value="{"/>
            <Assignment cardinality="+" name="elDiag">
                <Parent name="ElDiag"/>
            </Assignment>
            <Keyword value="}"/>
        </Group>
    </Rule>
    <Rule name="ElDiag">
        <Group cardinality="">
            <Keyword value="Port"/>
            <Assignment cardinality="" name="name">
                <Parent name="ID"/>
            </Assignment>
            <Keyword value="{"/>
            <Group cardinality="?">
                <Keyword value="Enable"/>
                <Assignment cardinality="" name="enable">
                    <Parent name="BOOLfalseDefault"/>
                </Assignment>
            </Group>
            <Group cardinality="?">
                <Keyword value="DiagnosisEnable"/>
                <Assignment cardinality="" name="diagnosisEnable">
                    <Parent name="BOOLfalseDefault"/>
                </Assignment>
            </Group>
            <Keyword value="DriverIndex"/>
            <Assignment cardinality="" name="driverIndex">
                <Parent name="INTORHEX"/>
            </Assignment>
            <Keyword value="PWMDiagnosis"/>
            <Assignment cardinality="" name="pwmDiagnosis">
                <Parent name="INTORHEX"/>
            </Assignment>
            <Keyword value="PowerSupplySignal"/>
            <Assignment cardinality="" name="powerSupplySignal">
                <Reference name="InputSignal"/>
            </Assignment>
            <Group cardinality="?">
                <Keyword value="Description"/>
                <Assignment cardinality="" name="description">
                    <Parent name="STRING"/>
                </Assignment>
            </Group>
            <Keyword value="}"/>
        </Group>
    </Rule>
    <Rule name="FrequencySubsystem">
        <Group cardinality="">
            <Keyword value="FrequencySubsystem"/>
            <Keyword value="{"/>
            <Assignment cardinality="*" name="ifrqSensor">
                <Parent name="IFRQSensor"/>
            </Assignment>
            <Assignment cardinality="*" name="ifrq">
                <Parent name="IFRQ"/>
            </Assignment>
            <Keyword value="}"/>
        </Group>
    </Rule>
    <Rule name="IFRQ">
        <Group cardinality="">
            <Keyword value="Port"/>
            <Assignment cardinality="" name="name">
                <Parent name="ID"/>
            </Assignment>
            <Keyword value="{"/>
            <Keyword value="DriverIndex"/>
            <Assignment cardinality="" name="driverIndex">
                <Parent name="INTORHEX"/>
            </Assignment>
            <Keyword value="Sensor"/>
            <Assignment cardinality="" name="sensorIndex">
                <Reference name="IFRQSensor"/>
            </Assignment>
            <Keyword value="UpdateTime"/>
            <Assignment cardinality="" name="updateTime">
                <Parent name="INTORHEX"/>
            </Assignment>
            <Keyword value="Active"/>
            <Assignment cardinality="" name="active">
                <Parent name="INTORHEX"/>
            </Assignment>
            <Keyword value="}"/>
        </Group>
    </Rule>
    <Rule name="IFRQSensor">
        <Group cardinality="">
            <Keyword value="Sensor"/>
            <Assignment cardinality="" name="name">
                <Parent name="ID"/>
            </Assignment>
            <Keyword value="{"/>
            <Keyword value="InitialWaitingTime"/>
            <Assignment cardinality="" name="initialWaitingTime">
                <Parent name="INTORHEX"/>
            </Assignment>
            <Keyword value="DirChangeMinPeriods"/>
            <Assignment cardinality="" name="dirChangeMinPeriods">
                <Parent name="INTORHEX"/>
            </Assignment>
            <Keyword value="DirectionChangeDebounceTime"/>
            <Assignment cardinality="" name="directionChangeDebounceTime">
                <Parent name="INTORHEX"/>
            </Assignment>
            <Keyword value="}"/>
        </Group>
    </Rule>
    <Rule name="SPIinputSys">
        <Group cardinality="">
            <Keyword value="SPIinput"/>
            <Keyword value="{"/>
            <Assignment cardinality="+" name="spi">
                <Parent name="SPI"/>
            </Assignment>
            <Keyword value="}"/>
        </Group>
    </Rule>
    <Rule name="SPI">
        <Group cardinality="">
            <Keyword value="Port"/>
            <Assignment cardinality="" name="name">
                <Parent name="ID"/>
            </Assignment>
            <Keyword value="{"/>
            <Keyword value="DriverIndex"/>
            <Assignment cardinality="" name="driverIndex">
                <Parent name="INTORHEX"/>
            </Assignment>
            <Keyword value="DataStorageMode"/>
            <Assignment cardinality="" name="dataStorageMode">
                <Parent name="INTORHEX"/>
            </Assignment>
            <Keyword value="SPIcommand"/>
            <Assignment cardinality="" name="command">
                <Parent name="INTORHEX"/>
            </Assignment>
            <Keyword value="DataLength"/>
            <Assignment cardinality="" name="dataLength">
                <Parent name="INTORHEX"/>
            </Assignment>
            <Assignment cardinality="" name="spitxData">
                <Parent name="SPITXData"/>
            </Assignment>
            <Keyword value="Module"/>
            <Assignment cardinality="" name="module">
                <Parent name="INTORHEX"/>
            </Assignment>
            <Group cardinality="?">
                <Keyword value="Description"/>
                <Assignment cardinality="" name="description">
                    <Parent name="STRING"/>
                </Assignment>
            </Group>
            <Keyword value="}"/>
        </Group>
    </Rule>
    <Rule name="SPITXData">
        <Group cardinality="">
            <Keyword value="SPITXData"/>
            <Keyword value="{"/>
            <Keyword value="Byte1"/>
            <Assignment cardinality="" name="byteOne">
                <Parent name="HEX"/>
            </Assignment>
            <Keyword value="Byte2"/>
            <Assignment cardinality="" name="byteTwo">
                <Parent name="HEX"/>
            </Assignment>
            <Keyword value="Byte3"/>
            <Assignment cardinality="" name="byteThree">
                <Parent name="HEX"/>
            </Assignment>
            <Keyword value="Byte4"/>
            <Assignment cardinality="" name="byteFour">
                <Parent name="HEX"/>
            </Assignment>
            <Keyword value="}"/>
        </Group>
    </Rule>
    <Rule name="OPWMSubsystem">
        <Group cardinality="">
            <Keyword value="OPWM"/>
            <Keyword value="{"/>
            <Assignment cardinality="+" name="opwm">
                <Parent name="OPWM"/>
            </Assignment>
            <Keyword value="}"/>
        </Group>
    </Rule>
    <Rule name="OPWM">
        <Group cardinality="">
            <Keyword value="Port"/>
            <Assignment cardinality="" name="name">
                <Parent name="ID"/>
            </Assignment>
            <Keyword value="{"/>
            <Keyword value="DriverIndex"/>
            <Assignment cardinality="" name="driverIndex">
                <Parent name="INTORHEX"/>
            </Assignment>
            <Keyword value="Period"/>
            <Assignment cardinality="" name="Period">
                <Parent name="SINT"/>
            </Assignment>
            <Group cardinality="?">
                <Keyword value="Description"/>
                <Assignment cardinality="" name="description">
                    <Parent name="STRING"/>
                </Assignment>
            </Group>
            <Keyword value="}"/>
        </Group>
    </Rule>
    <Rule name="IADC">
        <Group cardinality="">
            <Keyword value="DriverIndex"/>
            <Assignment cardinality="" name="driverIndex">
                <Parent name="INTORHEX"/>
            </Assignment>
            <Group cardinality="?">
                <Keyword value="Enable"/>
                <Assignment cardinality="" name="enable">
                    <Parent name="iadcEnableEnumeration"/>
                </Assignment>
            </Group>
            <Group cardinality="?">
                <Keyword value="PowerSupplySignal"/>
                <Assignment cardinality="" name="powerSupplySignal">
                    <Reference name="InputSignal"/>
                </Assignment>
            </Group>
            <Assignment cardinality="?" name="enableElDiagPowerSupplyOff">
                <Keyword value="EnableDiagnosisPowerSupplyOff"/>
            </Assignment>
            <Group cardinality="?">
                <Keyword value="ElDiagInstanceIdx"/>
                <Assignment cardinality="" name="elDiagInstanceIdx">
                    <Parent name="INTORHEX"/>
                </Assignment>
            </Group>
            <Group cardinality="?">
                <Keyword value="ControllerPinName"/>
                <Assignment cardinality="" name="controllerPinName">
                    <Parent name="STRING"/>
                </Assignment>
            </Group>
            <Group cardinality="?">
                <Keyword value="Description"/>
                <Assignment cardinality="" name="description">
                    <Parent name="STRING"/>
                </Assignment>
            </Group>
        </Group>
    </Rule>
    <Rule name="UserDefinedSubsystem">
        <Group cardinality="">
            <Keyword value="User"/>
            <Assignment cardinality="" name="name">
                <Reference name="ConfigSubsystemItem"/>
            </Assignment>
            <Keyword value="{"/>
            <Assignment cardinality="+" name="userPort">
                <Parent name="UserPort"/>
            </Assignment>
            <Keyword value="}"/>
        </Group>
    </Rule>
    <Rule cardinality="|" name="ConfigSubsystemItem">
        <Parent name="InputConfigSubsystemItem"/>
        <Parent name="OutputConfigSubsystemItem"/>
    </Rule>
    <Rule name="UserPort">
        <Group cardinality="">
            <Keyword value="Port"/>
            <Assignment cardinality="" name="name">
                <Parent name="ID"/>
            </Assignment>
            <Keyword value="{"/>
            <Keyword value="DriverIndex"/>
            <Assignment cardinality="" name="driverIndex">
                <Parent name="INTORHEX"/>
            </Assignment>
            <Group cardinality="?">
                <Keyword value="Description"/>
                <Assignment cardinality="" name="description">
                    <Parent name="STRING"/>
                </Assignment>
            </Group>
            <Keyword value="}"/>
        </Group>
    </Rule>
    <Rule cardinality="|" name="dataTypeEnumeration">
        <Enum name="FL32" value="fl32"/>
        <Enum name="SI8" value="si8"/>
        <Enum name="SI16" value="si16"/>
        <Enum name="SI32" value="si32"/>
        <Enum name="UI8" value="ui8"/>
        <Enum name="UI16" value="ui16"/>
    </Rule>
    <Rule cardinality="|" name="iadcEnableEnumeration">
        <Enum name="ADC_CHANNEL_DISABLED" value="ADC_CHANNEL_DISABLED"/>
        <Enum name="ADC_CHANNEL_ENABLED" value="ADC_CHANNEL_ENABLED"/>
    </Rule>
    <Rule cardinality="|" name="BOOLfalseDefault">
        <Enum name="False" value="False"/>
        <Enum name="True" value="True"/>
    </Rule>
    <Rule cardinality="|" name="INTORHEX">
        <Parent name="SINT"/>
        <Parent name="HEX"/>
    </Rule>
    <Rule cardinality="|" name="NUMBER">
        <Parent name="FLOAT"/>
        <Parent name="HEX"/>
    </Rule>
    <Rule cardinality="|" name="FLOAT">
        <Parent name="NATIVE_FLOAT"/>
        <Parent name="SINT"/>
    </Rule>
    <Rule name="NATIVE_FLOAT">
        <Group cardinality="|">
            <Keyword value="-"/>
            <Keyword value="+"/>
            <Keyword value="."/>
            <Group cardinality="|">
                <Keyword value="e"/>
                <Keyword value="E"/>
                <Keyword value="-"/>
                <Keyword value="+"/>
            </Group>
        </Group>
    </Rule>
    <Rule name="INT">
        <Group cardinality="|">
            <Keyword value="-"/>
            <Keyword value="+"/>
            <Group cardinality="|">
                <Keyword value="e"/>
                <Keyword value="E"/>
                <Keyword value="-"/>
                <Keyword value="+"/>
            </Group>
        </Group>
    </Rule>
    <Rule name="UINT">
        <Group cardinality="">
            <Group cardinality="|">
                <Keyword value="e"/>
                <Keyword value="E"/>
                <Keyword value="-"/>
                <Keyword value="+"/>
            </Group>
        </Group>
    </Rule>
    <Rule name="HEX">
        <Group cardinality="|">
            <Keyword value="0"/>
            <Keyword value="X"/>
            <Keyword value="x"/>
        </Group>
    </Rule>
    <Rule cardinality="|" name="SINT">
        <Parent name="UINT"/>
        <Parent name="INT"/>
    </Rule>
    <Rule name="QualifiedName">
        <Group cardinality="">
            <Parent name="ID"/>
            <Group cardinality="*">
                <Keyword value="."/>
                <Parent name="ID"/>
            </Group>
        </Group>
    </Rule>
    <Rule name="UiInt">
        <Parent name="UINT"/>
    </Rule>
    <Rule cardinality="|" name="NumberOrID">
        <Parent name="NUMBER"/>
        <Parent name="ID"/>
        <Parent name="STRING"/>
    </Rule>
    <Rule name="Import">
        <Group cardinality="">
            <Keyword value="import"/>
            <Assignment cardinality="" name="importURI">
                <Parent name="STRING"/>
            </Assignment>
            <Keyword value="as"/>
            <Assignment cardinality="" name="name">
                <Parent name="ID"/>
            </Assignment>
        </Group>
    </Rule>
    <Rule name="Imports">
        <Group cardinality="">
            <Keyword value="use"/>
            <Assignment cardinality="" name="importedNamespace">
                <Parent name="QualifiedNameWithWildCard"/>
            </Assignment>
        </Group>
    </Rule>
    <Rule name="QualifiedNameWithWildCard">
        <Group cardinality="">
            <Parent name="QualifiedName"/>
            <Keyword value=".*"/>
        </Group>
    </Rule>
</Grammar>
