Unique ID;Unique Name;Visible Name;Type;Variation Type;Parent Unique ID;Parent Unique Name;Parent Visible Name;Parent Type;Description;Class;Level;Relations;Restriction;Constraint;Last Comment;ps:Changed;ps:ChangedBy;ps:Created;ps:Source
0;root;Configuration;ps:feature;ps:mandatory;;;;;;ps:feature;;;;;no change;;;;
1;configurationName1;configurationName;ps:feature;ps:mandatory;0;root;Configuration;ps:feature;;ps:feature;1;;;;no change;;;;
2;version2;version;ps:feature;ps:mandatory;0;root;Configuration;ps:feature;;ps:feature;2;;;;no change;;;;
3;mainMergeFile3;mainMergeFile;ps:feature;ps:optional;0;root;Configuration;ps:feature;;ps:feature;3;;;;no change;;;;
4;imports4;imports;ps:feature;ps:optional;0;root;Configuration;ps:feature;;ps:feature;4;;;;no change;;;;
5;Imports5;Imports;ps:feature;ps:mandatory;4;imports4;imports;ps:feature;;ps:feature;4.1;;;;no change;;;;
6;importedNamespace6;importedNamespace;ps:feature;ps:mandatory;5;Imports5;Imports;ps:feature;;ps:feature;4.1.1;;;;no change;;;;
7;QualifiedNameWithWildCard7;QualifiedNameWithWildCard;ps:feature;ps:mandatory;6;importedNamespace6;importedNamespace;ps:feature;;ps:feature;4.1.1.1;;;;no change;;;;
8;QualifiedName8;QualifiedName;ps:feature;ps:mandatory;7;QualifiedNameWithWildCard7;QualifiedNameWithWildCard;ps:feature;;ps:feature;4.1.1.1.1;;;;no change;;;;
9;variants9;variants;ps:feature;ps:optional;0;root;Configuration;ps:feature;;ps:feature;5;;;;no change;;;;
10;Variants10;Variants;ps:feature;ps:mandatory;9;variants9;variants;ps:feature;;ps:feature;5.1;;;;no change;;;;
11;variants11;variants;ps:feature;ps:mandatory;10;Variants10;Variants;ps:feature;;ps:feature;5.1.1;;;;no change;;;;
12;Variant12;Variant;ps:feature;ps:mandatory;11;variants11;variants;ps:feature;;ps:feature;5.1.1.1;;;;no change;;;;
14;name14;name;ps:feature;ps:mandatory;12;Variant12;Variant;ps:feature;;ps:feature;5.1.1.1.1;;;;no change;;;;
13;defaultVariant13;defaultVariant;ps:feature;ps:mandatory;12;Variant12;Variant;ps:feature;;ps:feature;5.1.1.1.2;;;;no change;;;;
